Nome,Ente federativo,Cargo (ultima alteração),Partido,Twitter,Facebook,FacebookID,Data início,Data término
Jair Messias Bolsonaro,União,Presidente-eleito,PSL,jairbolsonaro,jairmessias.bolsonaro,,28/10/2018,-
Flávio Bolsonaro,Estado do Rio de Janeiro,Senador-eleito,PSL,FlavioBolsonaro,flaviobolsonaro,,28/10/2018,-
General Hamilton Mourão,União,Vice-presidente eleito,PRTB,GeneralMourao,-,,28/10/2018,-
Leda Maria Sadala Brito,,Deputado Federal eleito,AVANTE,,,id184298072237044,28/10/2018,
Carlos Tito Marques Cordeiro,,Deputado Federal eleito,AVANTE,,,id451370971560727,28/10/2018,
Manoel Isidorio De Santana Junior,,Deputado Federal eleito,AVANTE,,,id1642363142681223,28/10/2018,
Andre Luis Gaspar Janones,,Deputado Federal eleito,AVANTE,,,id239872239397663,28/10/2018,
Greyce De Queiroz Elias,,Deputado Federal eleito,AVANTE,,,id1433103303568739,28/10/2018,
Luis Henrique De Oliveira Resende,,Deputado Federal eleito,AVANTE,,,id1526286600948051,28/10/2018,
João Francisco Inácio Brazão,,Deputado Federal eleito,AVANTE,,,id564150546986457,28/10/2018,
Luiz Antonio Da Costa Carvalho Correa Da Silva,,Deputado Federal eleito,DC,,,id461990540812267,28/10/2018,
Alan Rick Miranda,,Deputado Federal eleito,DEM,,,id213808655377408,28/10/2018,
Arthur De Oliveira Maia Da Silva,,Deputado Federal eleito,DEM,,,id558618490903477,28/10/2018,
Elmar José Vieira Nascimento,,Deputado Federal eleito,DEM,,,id1475414669371697,28/10/2018,
Leur Antonio De Britto Lomanto Junior,,Deputado Federal eleito,DEM,,,id1470752259861187,28/10/2018,
Paulo Velloso Dantas Azi,,Deputado Federal eleito,DEM,,,id1494112327487143,28/10/2018,
Luis Claudio Fernandes Miranda,,Deputado Federal eleito,DEM,,,id1496677140634911,28/10/2018,
Norma Ayub Alves,,Deputado Federal eleito,DEM,,,id217565111759515,28/10/2018,
Jose Mario Schreiner,,Deputado Federal eleito,DEM,,,id129661170725385,28/10/2018,
Zacarias Calil Hamu,,Deputado Federal eleito,DEM,,,id266360393867344,28/10/2018,
José Juscelino Dos Santos Rezende Filho,,Deputado Federal eleito,DEM,,,id1464829283764986,28/10/2018,
Olavo Bilac Pinto Neto,,Deputado Federal eleito,DEM,,,id700540596632818,28/10/2018,
Tereza Cristina Correa Da Costa Dias,,Deputado Federal eleito,DEM,,,id436888273049888,28/10/2018,
Hélio Leite Da Silva,,Deputado Federal eleito,DEM,,,id582396228542027,28/10/2018,
Olival Henrique Marques De Souza,,Deputado Federal eleito,DEM,,,id235062426703649,28/10/2018,
Efraim De Araujo Morais Filho,,Deputado Federal eleito,DEM,,,id810714015625617,28/10/2018,
Fernando Bezerra De Souza Coelho Filho,,Deputado Federal eleito,DEM,,,id642849045735037,28/10/2018,
Pedro Deboni Lupion Mello,,Deputado Federal eleito,DEM,,,id600910850022315,28/10/2018,
Pedro Paulo Carvalho Teixeira,,Deputado Federal eleito,DEM,,,id249383531739005,28/10/2018,
Rodrigo Felinto Ibarra Epitácio Maia,,Deputado Federal eleito,DEM,,,id194263324017292,28/10/2018,
Rogerio Teixeira Junior,,Deputado Federal eleito,DEM,,,id600557210105330,28/10/2018,
Sóstenes Silva Cavalcante,,Deputado Federal eleito,DEM,,,id175865939276344,28/10/2018,
Onyx Dornelles Lorenzoni,,Deputado Federal eleito,DEM,,,id263899720309064,28/10/2018,
Adriano Eli Corrêa,,Deputado Federal eleito,DEM,,,id289932741037155,28/10/2018,
Alexandre Leite Da Silva,,Deputado Federal eleito,DEM,,,id203088656460254,28/10/2018,
David Bezerra Ribeiro Soares,,Deputado Federal eleito,DEM,,,id306768639382744,28/10/2018,
Eugenio José Zuliani,,Deputado Federal eleito,DEM,,,id318182948245160,28/10/2018,
Kim Patroca Kataguiri,,Deputado Federal eleito,DEM,,,id833053646745836,28/10/2018,
Carlos Henrique Amorim,,Deputado Federal eleito,DEM,,,id406853466072459,28/10/2018,
Maria Auxiliadora Seabra Rezende,,Deputado Federal eleito,DEM,,,id291482090931929,28/10/2018,
Flaviano Flavio Baptista De Melo,,Deputado Federal eleito,MDB,,,id1504479649763573,28/10/2018,
Jessica Rojas Sales,,Deputado Federal eleito,MDB,,,id,28/10/2018,
Isnaldo Bulhões Barros Junior,,Deputado Federal eleito,MDB,,,id1513764222043776,28/10/2018,
Moses Haendel Melo Rodrigues,,Deputado Federal eleito,MDB,,,id689234604459715,28/10/2018,
Hildo Augusto Da Rocha Neto,,Deputado Federal eleito,MDB,,,id587492024677202,28/10/2018,
João Marcelo Santos Souza,,Deputado Federal eleito,MDB,,,id1648893302002419,28/10/2018,
Fábio Augusto Ramalho Dos Santos,,Deputado Federal eleito,MDB,,,id,28/10/2018,
Hercílio Araújo Diniz Filho,,Deputado Federal eleito,MDB,,,id1617603285020017,28/10/2018,
Mauro Ribeiro Lopes,,Deputado Federal eleito,MDB,,,id194409937899344,28/10/2018,
Newton Cardoso Júnior,,Deputado Federal eleito,MDB,,,id650863341637642,28/10/2018,
Carlos Gomes Bezerra,,Deputado Federal eleito,MDB,,,id646168272127229,28/10/2018,
Juarez Alves Da Costa,,Deputado Federal eleito,MDB,,,id2033526680291109,28/10/2018,
Elcione Therezinha Zahluth Barbalho,,Deputado Federal eleito,MDB,,,id199910936714918,28/10/2018,
José Benito Priante Junior,,Deputado Federal eleito,MDB,,,id377987085597403,28/10/2018,
Raul Jean Louis Henry Junior,,Deputado Federal eleito,MDB,,,id228058993888678,28/10/2018,
Marcos Aurelio Padua Ribeiro Gonçalves De Sampaio,,Deputado Federal eleito,MDB,,,id1801195713329254,28/10/2018,
Hermes Parcianello,,Deputado Federal eleito,MDB,,,id346130422386120,28/10/2018,
Sergio De Souza,,Deputado Federal eleito,MDB,,,id533495260042236,28/10/2018,
Daniela Mote De Souza Carneiro,,Deputado Federal eleito,MDB,,,id300746857005170,28/10/2018,
Gutemberg Reis De Oliveira,,Deputado Federal eleito,MDB,,,id252586015156597,28/10/2018,
Vinicius Medeiros Farah,,Deputado Federal eleito,MDB,,,id569212716487683,28/10/2018,
Walter Pereira Alves,,Deputado Federal eleito,MDB,,,id283589601755460,28/10/2018,
Lucio Antonio Mosquini,,Deputado Federal eleito,MDB,,,id448316011988466,28/10/2018,
Alceu Moreira Da Silva,,Deputado Federal eleito,MDB,,,id394517827279852,28/10/2018,
Giovani Batista Feltes,,Deputado Federal eleito,MDB,,,id1475165656048670,28/10/2018,
Marcio Della Valle Biolchi,,Deputado Federal eleito,MDB,,,id381673395176233,28/10/2018,
Osmar Gasparini Terra,,Deputado Federal eleito,MDB,,,id512203465555033,28/10/2018,
Carlos Alberto Chiodini,,Deputado Federal eleito,MDB,,,id364253843645006,28/10/2018,
Celso Maldaner,,Deputado Federal eleito,MDB,,,id188872781277784,28/10/2018,
Rogerio Mendonça,,Deputado Federal eleito,MDB,,,id608246322520640,28/10/2018,
Fabio De Almeida Reis,,Deputado Federal eleito,MDB,,,id553664537999202,28/10/2018,
Herculano Castilho Passos Junior,,Deputado Federal eleito,MDB,,,id484137231655181,28/10/2018,
Luiz Felipe Baleia Tenuto Rossi,,Deputado Federal eleito,MDB,,,id520798404655508,28/10/2018,
Dulce Ferreira Pagani Miranda,,Deputado Federal eleito,MDB,,,id794959433858802,28/10/2018,
Lucas De Vasconcelos Gonzalez,,Deputado Federal eleito,NOVO,,,id537393773101072,28/10/2018,
Tiago Lima Mitraud De Castro Leite,,Deputado Federal eleito,NOVO,,,id193556557882741,28/10/2018,
Paulo Gustavo Ganime Alves Teixeira,,Deputado Federal eleito,NOVO,,,id122316191701353,28/10/2018,
Marcel Van Hattem,,Deputado Federal eleito,NOVO,,,id186189258069658,28/10/2018,
Gilson Marques Vieira,,Deputado Federal eleito,NOVO,,,id1931989763744839,28/10/2018,
Adriana Miguel Ventura,,Deputado Federal eleito,NOVO,,,id894546260714988,28/10/2018,
Alexis Joseph Steverlynck Fonteyne,,Deputado Federal eleito,NOVO,,,id727528134072647,28/10/2018,
Vinicius Lazzer Poit,,Deputado Federal eleito,NOVO,,,id345383669175951,28/10/2018,
Antônio Luiz Rodrigues Mano Júnior,,Deputado Federal eleito,PATRI,,,id1943714345861625,28/10/2018,
Antonio Da Cruz Filgueira Neto,,Deputado Federal eleito,PATRI,,,id,28/10/2018,
Frederico Borges Da Costa,,Deputado Federal eleito,PATRI,,,id224950980894382,28/10/2018,
Frederico De Castro Escaleira,,Deputado Federal eleito,PATRI,,,id167306944111245,28/10/2018,
Francisco Eurico Da Silva,,Deputado Federal eleito,PATRI,,,id203543366481082,28/10/2018,
Maria Perpetua De Almeida,,Deputado Federal eleito,PC do B,,,id161197557282987,28/10/2018,
Marcivania Do Socorro Da Rocha Flexa,,Deputado Federal eleito,PC do B,,,id820411221317089,28/10/2018,
Alice Mazzuco Portugal,,Deputado Federal eleito,PC do B,,,id149121948526976,28/10/2018,
Daniel Gomes De Almeida,,Deputado Federal eleito,PC do B,,,id216099355223068,28/10/2018,
Márcio Jerry Saraiva Barroso,,Deputado Federal eleito,PC do B,,,id551970688209452,28/10/2018,
Rubens Pereira E Silva Junior,,Deputado Federal eleito,PC do B,,,id231256850282149,28/10/2018,
Renildo Vasconcelos Calheiros,,Deputado Federal eleito,PC do B,,,id398858610176824,28/10/2018,
Jandira Feghali,,Deputado Federal eleito,PC do B,,,id208153919219278,28/10/2018,
Orlando Silva De Jesus Junior,,Deputado Federal eleito,PC do B,,,id397405070321390,28/10/2018,
Jesus Sergio De Menezes,,Deputado Federal eleito,PDT,,,id198351500798968,28/10/2018,
Alex Marco Santana Sousa,,Deputado Federal eleito,PDT,,,id1925056834487233,28/10/2018,
Felix De Almeida Mendonça Junior,,Deputado Federal eleito,PDT,,,id1521288524756090,28/10/2018,
Andre Peixoto Figueiredo Lima,,Deputado Federal eleito,PDT,,,id345829265488872,28/10/2018,
Antonio Idilvan De Lima Alencar,,Deputado Federal eleito,PDT,,,id224968724875918,28/10/2018,
Carlos Mauro Benevides Filho,,Deputado Federal eleito,PDT,,,id1432229983657475,28/10/2018,
Eduardo Henrique Maia Bismarck,,Deputado Federal eleito,PDT,,,id356774021132484,28/10/2018,
José Leônidas De Menezes Cristino,,Deputado Federal eleito,PDT,,,id1271496449602306,28/10/2018,
Marcos Roberio Ribeiro Monteiro,,Deputado Federal eleito,PDT,,,id373529029833170,28/10/2018,
Antonio Sergio Alves Vidigal,,Deputado Federal eleito,PDT,,,id952849801440316,28/10/2018,
Flavia Carreiro Albuquerque Morais,,Deputado Federal eleito,PDT,,,id518889098214357,28/10/2018,
Gilliano Fred Nascimento Cutrim,,Deputado Federal eleito,PDT,,,id460851790686104,28/10/2018,
Luiz Gonzaga Ribeiro,,Deputado Federal eleito,PDT,,,id446410602056683,28/10/2018,
Mário Lúcio Heringer,,Deputado Federal eleito,PDT,,,id611112112239401,28/10/2018,
Dagoberto Nogueira Filho,,Deputado Federal eleito,PDT,,,id,28/10/2018,
Damião Feliciano Da Silva,,Deputado Federal eleito,PDT,,,id107421552961237,28/10/2018,
Túlio Gadelha Sales De Melo,,Deputado Federal eleito,PDT,,,id288353518218458,28/10/2018,
Wolney Queiroz Maciel,,Deputado Federal eleito,PDT,,,id200496276973701,28/10/2018,
Flavio Rodrigues Nogueira,,Deputado Federal eleito,PDT,,,id775240779164982,28/10/2018,
Gustavo Bonato Fruet,,Deputado Federal eleito,PDT,,,id214730151901124,28/10/2018,
Francisco Jose D'Angelo Pinto,,Deputado Federal eleito,PDT,,,id599650263486865,28/10/2018,
Paulo Sergio Ramos Barboza,,Deputado Federal eleito,PDT,,,id,28/10/2018,
Silvia Cristina Amancio Chagas,,Deputado Federal eleito,PDT,,,id,28/10/2018,
Afonso Antunes Da Motta,,Deputado Federal eleito,PDT,,,id621644487915715,28/10/2018,
Darci Pompeo De Mattos,,Deputado Federal eleito,PDT,,,id265934193465106,28/10/2018,
Marlon Arator Santos Da Rosa,,Deputado Federal eleito,PDT,,,id1909791885961077,28/10/2018,
Fabio Henrique Santana De Carvalho,,Deputado Federal eleito,PDT,,,id459279477427452,28/10/2018,
Tabata Claudia Amaral De Pontes,,Deputado Federal eleito,PDT,,,id201596403728972,28/10/2018,
Anderson Machado De Jesus,,Deputado Federal eleito,PHS,,,id309796436085284,28/10/2018,
Jose Abilio Silva De Santana,,Deputado Federal eleito,PHS,,,id,28/10/2018,
Franco Cartafina Gomes,,Deputado Federal eleito,PHS,,,id490602331026753,28/10/2018,
Marcelo Guilherme De Aro Ferreira,,Deputado Federal eleito,PHS,,,id115558161921629,28/10/2018,
Fernando Rodolfo Tenorio De Vasconcelos,,Deputado Federal eleito,PHS,,,id458071071234028,28/10/2018,
Gelson De Azevedo Almeida,,Deputado Federal eleito,PHS,,,id634950393544138,28/10/2018,
Eduardo Salim Braide,,Deputado Federal eleito,PMN,,,id1417942768479036,28/10/2018,
Gildenemir De Lima Sousa,,Deputado Federal eleito,PMN,,,id600776280271712,28/10/2018,
Jose Vitor De Resende Aguiar,,Deputado Federal eleito,PMN,,,id,28/10/2018,
João Carlos Bacelar Batista,,Deputado Federal eleito,PODE,,,id152534811624066,28/10/2018,
José Nelto Lagares Das Mercez,,Deputado Federal eleito,PODE,,,id1592321727682595,28/10/2018,
Aluisio Guimarães Mendes Filho,,Deputado Federal eleito,PODE,,,id334810013335023,28/10/2018,
Igor Tarciano Timo,,Deputado Federal eleito,PODE,,,id,28/10/2018,
Jose Antonio Dos Santos Medeiros,,Deputado Federal eleito,PODE,,,id312680748928001,28/10/2018,
Ricardo Teobaldo Cavalcanti,,Deputado Federal eleito,PODE,,,id1499477190264031,28/10/2018,
Diego Alexsander Gonçalo Paula Garcia,,Deputado Federal eleito,PODE,,,id314213892042373,28/10/2018,
Leonardo Barreto De Moraes,,Deputado Federal eleito,PODE,,,id1011341455639868,28/10/2018,
Marco Antonio Feliciano,,Deputado Federal eleito,PODE,,,id176976939109000,28/10/2018,
Renata Hellmeister De Abreu,,Deputado Federal eleito,PODE,,,id1433929133492494,28/10/2018,
Roberto Alves De Lucena,,Deputado Federal eleito,PODE,,,id234504343286488,28/10/2018,
Arthur Cesar Pereira De Lira,,Deputado Federal eleito,PP,,,id553734458071369,28/10/2018,
Atila Sidney Lins De Albuquerque,,Deputado Federal eleito,PP,,,id329607960409077,28/10/2018,
Andre Dos Santos Abdon,,Deputado Federal eleito,PP,,,id853785441352661,28/10/2018,
Carlos Felipe Vazquez De Souza Leão,,Deputado Federal eleito,PP,,,id1524680221094223,28/10/2018,
Claudio Cajado Sampaio,,Deputado Federal eleito,PP,,,id1638752696387328,28/10/2018,
Mário Silvio Mendes Negromonte Júnior,,Deputado Federal eleito,PP,,,id575263439225940,28/10/2018,
Ronaldo Carletto,,Deputado Federal eleito,PP,,,id636192333121270,28/10/2018,
Antonio Jose Aguiar Albuquerque,,Deputado Federal eleito,PP,,,id163911517374476,28/10/2018,
Celina Leao Hizim,,Deputado Federal eleito,PP,,,id438031969571322,28/10/2018,
Evair Vieira De Melo,,Deputado Federal eleito,PP,,,id529821053761365,28/10/2018,
Adriano Antônio Avelar,,Deputado Federal eleito,PP,,,id924601577651630,28/10/2018,
Alcides Ribeiro Filho,,Deputado Federal eleito,PP,,,id529741837114868,28/10/2018,
Andre Luiz Carvalho Ribeiro,,Deputado Federal eleito,PP,,,id474257199269888,28/10/2018,
Antônio Pinheiro Neto,,Deputado Federal eleito,PP,,,id393428077515241,28/10/2018,
Dimas Fabiano Toledo Junior,,Deputado Federal eleito,PP,,,id206365432837539,28/10/2018,
Neri Geller,,Deputado Federal eleito,PP,,,id2268118040088348,28/10/2018,
Aguinaldo Velloso Borges Ribeiro,,Deputado Federal eleito,PP,,,id1856690847884992,28/10/2018,
Eduardo Henrique Da Fonte De Albuquerque Silva,,Deputado Federal eleito,PP,,,id194138040740933,28/10/2018,
Fernando Monteiro De Albuquerque,,Deputado Federal eleito,PP,,,id617414551660433,28/10/2018,
Iracema Maria Portella Nunes Nogueira Lima,,Deputado Federal eleito,PP,,,id144619715634355,28/10/2018,
Margarete De Castro Coelho,,Deputado Federal eleito,PP,,,id1389530231308188,28/10/2018,
Jose Carlos Schiavinato,,Deputado Federal eleito,PP,,,id825435330823531,28/10/2018,
Ricardo Jose Magalhães Barros,,Deputado Federal eleito,PP,,,id800038830018182,28/10/2018,
Christino Áureo Da Silva,,Deputado Federal eleito,PP,,,id933754649994946,28/10/2018,
Luiz Antonio De Souza Teixeira Júnior,,Deputado Federal eleito,PP,,,id153186802182309,28/10/2018,
Dirlaine Jaqueline Cassol,,Deputado Federal eleito,PP,,,id1420022301592431,28/10/2018,
Hiran Manuel Gonçalves Da Silva,,Deputado Federal eleito,PP,,,id1460558354166610,28/10/2018,
Jerônimo Pizzolotto Goergen,,Deputado Federal eleito,PP,,,id143212705692959,28/10/2018,
José Alfonso Ebert Hamm,,Deputado Federal eleito,PP,,,id208610802492299,28/10/2018,
Luis Antonio Franciscatto Covatti,,Deputado Federal eleito,PP,,,id250817031788413,28/10/2018,
Pedro Bandarra Westphalen,,Deputado Federal eleito,PP,,,id562261883915545,28/10/2018,
Angela Regina Heinzen Amin Helou,,Deputado Federal eleito,PP,,,id291052834605299,28/10/2018,
Laercio Jose De Oliveira,,Deputado Federal eleito,PP,,,id457224910969875,28/10/2018,
Fausto Ruy Pinato,,Deputado Federal eleito,PP,,,id415124335529300,28/10/2018,
Guilherme Muraro Derrite,,Deputado Federal eleito,PP,,,id546286218728460,28/10/2018,
Guilherme Mussi Ferreira,,Deputado Federal eleito,PP,,,id120856188018045,28/10/2018,
Ricardo Izar Junior,,Deputado Federal eleito,PP,,,id370738376378204,28/10/2018,
Uldurico Alencar Pinto,,Deputado Federal eleito,PPL,,,id326144047545564,28/10/2018,
Paula Moreno Paro Belmonte,,Deputado Federal eleito,PPS,,,id481960978885807,28/10/2018,
Josias Mario Da Vitoria,,Deputado Federal eleito,PPS,,,id499520976775813,28/10/2018,
Daniel Pires Coelho,,Deputado Federal eleito,PPS,,,id142142725852014,28/10/2018,
Rubens Bueno,,Deputado Federal eleito,PPS,,,id549765801726215,28/10/2018,
Marcelo Calero Faria Garcia,,Deputado Federal eleito,PPS,,,id1021233484565650,28/10/2018,
Carmen Emilia Bonfá Zanotto,,Deputado Federal eleito,PPS,,,id129795707218499,28/10/2018,
Alex Spinelli Manente,,Deputado Federal eleito,PPS,,,id130558143745099,28/10/2018,
Arnaldo Calil Pereira Jardim,,Deputado Federal eleito,PPS,,,id284823328208067,28/10/2018,
Sérgio Toledo De Albuquerque,,Deputado Federal eleito,PR,,,id461440950613316,28/10/2018,
Marcelo Ramos Rodrigues,,Deputado Federal eleito,PR,,,id123110164425108,28/10/2018,
Vinícius De Azevedo Gurgel,,Deputado Federal eleito,PR,,,id289160704429225,28/10/2018,
Joao Carlos Paolilo Bacelar Filho,,Deputado Federal eleito,PR,,,id630006647069241,28/10/2018,
Jose Alves Rocha,,Deputado Federal eleito,PR,,,id517073085162101,28/10/2018,
Jaziel Pereira De Sousa,,Deputado Federal eleito,PR,,,id689713134498557,28/10/2018,
Flavia Carolina Peres,,Deputado Federal eleito,PR,,,id1479932885589807,28/10/2018,
Lauriete Rodrigues De Jesus Malta,,Deputado Federal eleito,PR,,,id144005945803151,28/10/2018,
Magda Mofatto Hon,,Deputado Federal eleito,PR,,,id396626607095420,28/10/2018,
Jose Lourenço Bonfim Junior,,Deputado Federal eleito,PR,,,id239244869511517,28/10/2018,
Josimar Cunha Rodrigues,,Deputado Federal eleito,PR,,,id775669792490001,28/10/2018,
Lincoln Diniz Portela,,Deputado Federal eleito,PR,,,id410655005626777,28/10/2018,
Cristiano Dutra Vale,,Deputado Federal eleito,PR,,,id239803006861332,28/10/2018,
José Wellington Roberto,,Deputado Federal eleito,PR,,,id335379036616986,28/10/2018,
Sebastião Ignacio De Oliveira Junior,,Deputado Federal eleito,PR,,,id327809493986518,28/10/2018,
Fábio Abreu Costa,,Deputado Federal eleito,PR,,,id754507077922852,28/10/2018,
Christiane De Souza Yared,,Deputado Federal eleito,PR,,,id1517659225184185,28/10/2018,
Fernando Lucio Giacobo,,Deputado Federal eleito,PR,,,id1576158645984847,28/10/2018,
Luiz Hiloshi Nishimori,,Deputado Federal eleito,PR,,,id660410357307599,28/10/2018,
Altineu Cortes Freitas Coutinho,,Deputado Federal eleito,PR,,,id494760090676746,28/10/2018,
Soraya Alencar Dos Santos,,Deputado Federal eleito,PR,,,id302189129958774,28/10/2018,
João Da Silva Maia,,Deputado Federal eleito,PR,,,id363291450835796,28/10/2018,
Edio Vieira Lopes,,Deputado Federal eleito,PR,,,id381872468519171,28/10/2018,
Giovani Cherini,,Deputado Federal eleito,PR,,,id552483638152177,28/10/2018,
João Bosco Da Costa,,Deputado Federal eleito,PR,,,id351151221703405,28/10/2018,
Francisco Everardo Oliveira Silva,,Deputado Federal eleito,PR,,,id,28/10/2018,
José Augusto Rosa,,Deputado Federal eleito,PR,,,id1378617549025463,28/10/2018,
Katia Da Silva Sastre,,Deputado Federal eleito,PR,,,id1055721444583776,28/10/2018,
Luiz Carlos Motta,,Deputado Federal eleito,PR,,,id196025943931014,28/10/2018,
Marcio Luiz Alvino De Souza,,Deputado Federal eleito,PR,,,id620314628044090,28/10/2018,
Miguel Lombardi,,Deputado Federal eleito,PR,,,id503151713035561,28/10/2018,
Paulo Roberto Freire Da Costa,,Deputado Federal eleito,PR,,,id200801366622612,28/10/2018,
Vicente Alves De Oliveira Junior,,Deputado Federal eleito,PR,,,id628145183937458,28/10/2018,
Manuel Marcos Carvalho De Mesquita,,Deputado Federal eleito,PRB,,,id396113810473968,28/10/2018,
Severino De Lira Pessôa,,Deputado Federal eleito,PRB,,,id222828721560501,28/10/2018,
Alberto Barros Cavalcante Neto,,Deputado Federal eleito,PRB,,,id865232070270799,28/10/2018,
Silas Câmara,,Deputado Federal eleito,PRB,,,id287239394648019,28/10/2018,
Aline Paranhos Varonil Gurgel,,Deputado Federal eleito,PRB,,,id292264857621991,28/10/2018,
João Inácio Ribeiro Roma Neto,,Deputado Federal eleito,PRB,,,id653716951478918,28/10/2018,
Marcio Carlos Marinho,,Deputado Federal eleito,PRB,,,id463527207044648,28/10/2018,
Julio Cesar Ribeiro,,Deputado Federal eleito,PRB,,,id282481151854972,28/10/2018,
Amaro Rocha Nascimento Neto,,Deputado Federal eleito,PRB,,,id368704519884205,28/10/2018,
João Campos De Araújo,,Deputado Federal eleito,PRB,,,id586776594697429,28/10/2018,
Cleber Verde Cordeiro Mendes,,Deputado Federal eleito,PRB,,,id2078944365512912,28/10/2018,
Gilberto Aparecido Abramo,,Deputado Federal eleito,PRB,,,id265124996987625,28/10/2018,
Lafayette Luiz Doorgal De Andrada,,Deputado Federal eleito,PRB,,,id154453614722972,28/10/2018,
Wagner Bach Martins,,Deputado Federal eleito,PRB,,,id774643415950130,28/10/2018,
Hugo Motta Wanderley Da Nóbrega,,Deputado Federal eleito,PRB,,,id457745987599981,28/10/2018,
Ossesio Jose Da Silva,,Deputado Federal eleito,PRB,,,id1423302547943644,28/10/2018,
Silvio Serafim Costa Filho,,Deputado Federal eleito,PRB,,,id140347022821700,28/10/2018,
Jose Aroldo Souza Martins,,Deputado Federal eleito,PRB,,,id261967070500676,28/10/2018,
Luiz Goularte Alves,,Deputado Federal eleito,PRB,,,id352566814808427,28/10/2018,
Rosangela De Souza Gomes,,Deputado Federal eleito,PRB,,,id824390270907057,28/10/2018,
Wagner Montes Dos Santos,,Deputado Federal eleito,PRB,,,id165876130166346,28/10/2018,
Johnathan Pereira De Jesus,,Deputado Federal eleito,PRB,,,id179868982071153,28/10/2018,
Antonio Carlos Gomes Da Silva,,Deputado Federal eleito,PRB,,,id212265828905225,28/10/2018,
Hélio Francisco Da Costa,,Deputado Federal eleito,PRB,,,id248218548595070,28/10/2018,
Benedito Roberto Alves Ferreira,,Deputado Federal eleito,PRB,,,id798681053542019,28/10/2018,
Celso Ubirajara Russomanno,,Deputado Federal eleito,PRB,,,id255649141196176,28/10/2018,
Marcos Antonio Pereira,,Deputado Federal eleito,PRB,,,id390881930977875,28/10/2018,
Maria Do Parto Mendes Rosas,,Deputado Federal eleito,PRB,,,id162546520582060,28/10/2018,
Milton Vieira Pinto,,Deputado Federal eleito,PRB,,,id125758354680348,28/10/2018,
Vinicius Rapozo De Carvalho,,Deputado Federal eleito,PRB,,,id462223517218816,28/10/2018,
Acácio Da Silva Favacho Neto,,Deputado Federal eleito,PROS,,,id248744661890403,28/10/2018,
Francisco Vaidon Oliveira,,Deputado Federal eleito,PROS,,,id,28/10/2018,
Wagner Sousa Gomes,,Deputado Federal eleito,PROS,,,id338601016235780,28/10/2018,
Eros Ferreira Biondini,,Deputado Federal eleito,PROS,,,id150455861700307,28/10/2018,
Weliton Fernandes Prado,,Deputado Federal eleito,PROS,,,id193185607843864,28/10/2018,
Antonio Wandscheer,,Deputado Federal eleito,PROS,,,id301814029885718,28/10/2018,
Emerson Miguel Petriv,,Deputado Federal eleito,PROS,,,id,28/10/2018,
Clarissa Garotinho Barros Assed Matheus De Oliveira,,Deputado Federal eleito,PROS,,,id381544615216928,28/10/2018,
Raimundo Magalhães Costa,,Deputado Federal eleito,PRP,,,id1964028583630362,28/10/2018,
Beatriz Kicis Torrents De Sordi,,Deputado Federal eleito,PRP,,,id522420381257862,28/10/2018,
Alcides Rodrigues Filho,,Deputado Federal eleito,PRP,,,id314951562595058,28/10/2018,
Wladimir Barros Assed Matheus De Oliveira,,Deputado Federal eleito,PRP,,,id289873757814160,28/10/2018,
João Henrique Holanda Caldas,,Deputado Federal eleito,PSB,,,id375940632464690,28/10/2018,
Carlos Camilo Goes Capiberibe,,Deputado Federal eleito,PSB,,,id191400270968241,28/10/2018,
José Marcelo Do Nascimento Nilo,,Deputado Federal eleito,PSB,,,id395976670456376,28/10/2018,
Lídice Da Mata E Souza,,Deputado Federal eleito,PSB,,,id203206869718110,28/10/2018,
Denis Anderson Da Rocha Bezerra,,Deputado Federal eleito,PSB,,,id158153364906858,28/10/2018,
Felipe Rigoni Lopes,,Deputado Federal eleito,PSB,,,id1635492076680391,28/10/2018,
Paulo Roberto Foletto,,Deputado Federal eleito,PSB,,,id184948081656256,28/10/2018,
Elias Vaz De Andrade,,Deputado Federal eleito,PSB,,,id661866270570867,28/10/2018,
Ubirajara Do Pindaré Almeida Sousa,,Deputado Federal eleito,PSB,,,id219582141509970,28/10/2018,
Emidio Alves Madeira Junior,,Deputado Federal eleito,PSB,,,id781653925252644,28/10/2018,
Julio Cesar Delgado,,Deputado Federal eleito,PSB,,,id128747130644889,28/10/2018,
Vilson Luiz Da Silva,,Deputado Federal eleito,PSB,,,id569930423388523,28/10/2018,
Cássio Coelho Andrade,,Deputado Federal eleito,PSB,,,id689828201071604,28/10/2018,
Gervásio Agripino Maia,,Deputado Federal eleito,PSB,,,id514558765355005,28/10/2018,
Danilo Jorge De Barros Cabral,,Deputado Federal eleito,PSB,,,id297853750374882,28/10/2018,
Felipe Augusto Lyra Carreras,,Deputado Federal eleito,PSB,,,id685135528216748,28/10/2018,
Francisco Tadeu Barbosa De Alencar,,Deputado Federal eleito,PSB,,,id1494712497406878,28/10/2018,
João Henrique De Andrade Lima Campos,,Deputado Federal eleito,PSB,,,id354452078324576,28/10/2018,
Luiz Gonzaga Patriota,,Deputado Federal eleito,PSB,,,id258656010969084,28/10/2018,
Átila Freitas Lira,,Deputado Federal eleito,PSB,,,id457829930992678,28/10/2018,
Aliel Machado Bark,,Deputado Federal eleito,PSB,,,id201044363357878,28/10/2018,
Luciano Ducci,,Deputado Federal eleito,PSB,,,id409540602424777,28/10/2018,
Alessandro Lucciola Molon,,Deputado Federal eleito,PSB,,,id271075406319289,28/10/2018,
Rafael Huete Da Motta,,Deputado Federal eleito,PSB,,,id151576364966353,28/10/2018,
Mauro Nazif Rasul,,Deputado Federal eleito,PSB,,,id571065382951964,28/10/2018,
Heitor José Schuch,,Deputado Federal eleito,PSB,,,id212423668965384,28/10/2018,
Liziane Bayer Da Costa,,Deputado Federal eleito,PSB,,,id374498339306404,28/10/2018,
Rodrigo Coelho,,Deputado Federal eleito,PSB,,,id396026580517437,28/10/2018,
Jefferson Alves De Campos,,Deputado Federal eleito,PSB,,,id224476247605395,28/10/2018,
Luiz Flavio Gomes,,Deputado Federal eleito,PSB,,,id322392571461646,28/10/2018,
Rodrigo Antonio De Agostinho Mendonça,,Deputado Federal eleito,PSB,,,id217600379046455,28/10/2018,
Rosana De Oliveira Valle,,Deputado Federal eleito,PSB,,,id238761896484083,28/10/2018,
Glauskston Batista Rios,,Deputado Federal eleito,PSC,,,id166001994065417,28/10/2018,
Euclydes Marcos Pettersen Neto,,Deputado Federal eleito,PSC,,,id204233796884577,28/10/2018,
Andre Ferreira Rodrigues,,Deputado Federal eleito,PSC,,,id345425238826528,28/10/2018,
Paulo Eduardo Lima Martins,,Deputado Federal eleito,PSC,,,id766832426669323,28/10/2018,
Otoni Moura De Paulo Junior,,Deputado Federal eleito,PSC,,,id190411254444841,28/10/2018,
José Valdevan De Jesus Santos,,Deputado Federal eleito,PSC,,,id136974320321805,28/10/2018,
Gilberto Nascimento Silva,,Deputado Federal eleito,PSC,,,id417313621741481,28/10/2018,
Osires Rodrigues Damaso,,Deputado Federal eleito,PSC,,,id323794244660496,28/10/2018,
Marx Beltrão Lima Siqueira,,Deputado Federal eleito,PSD,,,id453491971360371,28/10/2018,
Sidney Ricardo De Oliveira Leite,,Deputado Federal eleito,PSD,,,id489383607761535,28/10/2018,
Antonio Luiz Paranhos Ribeiro Leite De Brito,,Deputado Federal eleito,PSD,,,id350534811763516,28/10/2018,
Jose Nunes Soares,,Deputado Federal eleito,PSD,,,id550026751729752,28/10/2018,
Otto Roberto Mendonça De Alencar Filho,,Deputado Federal eleito,PSD,,,id141792789928342,28/10/2018,
Sergio Luis Lacerda Brito,,Deputado Federal eleito,PSD,,,id1449186785352393,28/10/2018,
Domingos Gomes De Aguiar Neto,,Deputado Federal eleito,PSD,,,id1507476039474128,28/10/2018,
Francisco Rodrigues Vale Junior,,Deputado Federal eleito,PSD,,,id493537950659225,28/10/2018,
Edilazio Gomes Da Silva Junior,,Deputado Federal eleito,PSD,,,id699839630032981,28/10/2018,
Diego Leonardo De Andrade Carvalho,,Deputado Federal eleito,PSD,,,id488020057942864,28/10/2018,
Misael Artur Ferreira Varella,,Deputado Federal eleito,PSD,,,id420265928063107,28/10/2018,
Stefano Aguiar Dos Santos,,Deputado Federal eleito,PSD,,,id131244790380241,28/10/2018,
Fabio Ricardo Trad,,Deputado Federal eleito,PSD,,,id108691132628721,28/10/2018,
Éder Mauro Cardoso Barra,,Deputado Federal eleito,PSD,,,id388811064617464,28/10/2018,
João Ferrari Junior,,Deputado Federal eleito,PSD,,,id842245655790289,28/10/2018,
Joaquim Passarinho Pinto De Souza Porto,,Deputado Federal eleito,PSD,,,id581146131947481,28/10/2018,
Andre Carlos Alves De Paula Filho,,Deputado Federal eleito,PSD,,,id170967903096207,28/10/2018,
Julio Cesar De Carvalho Lima,,Deputado Federal eleito,PSD,,,id632328833469006,28/10/2018,
Gilson Cardoso Fahur,,Deputado Federal eleito,PSD,,,id904831756306971,28/10/2018,
Nelsi Coguetto Maria,,Deputado Federal eleito,PSD,,,id257661164401899,28/10/2018,
Ney Leprevost Neto,,Deputado Federal eleito,PSD,,,id128327663956877,28/10/2018,
Sandro Alex Cruz De Oliveira,,Deputado Federal eleito,PSD,,,id221883301230197,28/10/2018,
Alexandre Augustus Serfiotis,,Deputado Federal eleito,PSD,,,id539267906164443,28/10/2018,
Flordelis Dos Santos De Souza,,Deputado Federal eleito,PSD,,,id411572872310624,28/10/2018,
Hugo Leal Melo Da Silva,,Deputado Federal eleito,PSD,,,id467555009943362,28/10/2018,
Fábio Salustino Mesquita De Faria,,Deputado Federal eleito,PSD,,,id224408284297413,28/10/2018,
Expedito Gonçalves Ferreira Netto,,Deputado Federal eleito,PSD,,,id1474031142828443,28/10/2018,
Haroldo Alves Campos,,Deputado Federal eleito,PSD,,,id2101610110080697,28/10/2018,
Danrlei De Deus Hinterholz,,Deputado Federal eleito,PSD,,,id128207973912311,28/10/2018,
Darci De Matos,,Deputado Federal eleito,PSD,,,id211015249060673,28/10/2018,
Ricardo Zanatta Guidi,,Deputado Federal eleito,PSD,,,id328393683976480,28/10/2018,
Fábio Cruz Mitidieri,,Deputado Federal eleito,PSD,,,id668823956526400,28/10/2018,
Antonio Cezar Correia Freire,,Deputado Federal eleito,PSD,,,id1401978510018003,28/10/2018,
Marco Aurelio Bertaiolli,,Deputado Federal eleito,PSD,,,id237597346269787,28/10/2018,
Cylmara Fernandes Da Rocha Gripp,,Deputado Federal eleito,PSDB,,,id280207712721855,28/10/2018,
Tereza Nelma Da Silva Porto Viana Soares,,Deputado Federal eleito,PSDB,,,id514156245358687,28/10/2018,
Luiz Carlos Gomes Dos Santos Junior,,Deputado Federal eleito,PSDB,,,id470780289637001,28/10/2018,
Adolfo Viana De Castro Neto,,Deputado Federal eleito,PSDB,,,id1299447983450182,28/10/2018,
Roberto Soares Pessoa,,Deputado Federal eleito,PSDB,,,id607536689297357,28/10/2018,
Célio Antônio Da Silveira,,Deputado Federal eleito,PSDB,,,id627331587415618,28/10/2018,
Aécio Neves Da Cunha,,Deputado Federal eleito,PSDB,,,id411754008869486,28/10/2018,
Domingos Sávio Campos Resende,,Deputado Federal eleito,PSDB,,,id395748880458898,28/10/2018,
Eduardo Luiz Barros Barbosa,,Deputado Federal eleito,PSDB,,,id391321314263162,28/10/2018,
Paulo Abi-Ackel,,Deputado Federal eleito,PSDB,,,id552636458116557,28/10/2018,
Rodrigo Batista De Castro,,Deputado Federal eleito,PSDB,,,id124002814371381,28/10/2018,
Humberto Rezende Pereira,,Deputado Federal eleito,PSDB,,,id304158673086753,28/10/2018,
Rosiane Modesto De Oliveira,,Deputado Federal eleito,PSDB,,,id194227587378355,28/10/2018,
Celso Sabino De Oliveira,,Deputado Federal eleito,PSDB,,,id451890981576627,28/10/2018,
Nilson Pinto De Oliveira,,Deputado Federal eleito,PSDB,,,id354764524584734,28/10/2018,
Ednace Alves Silvestre Henrique,,Deputado Federal eleito,PSDB,,,id207736499757938,28/10/2018,
Pedro Oliveira Cunha Lima,,Deputado Federal eleito,PSDB,,,id744196388945576,28/10/2018,
Ruy Manuel Carneiro Barbosa De Aça Belchior,,Deputado Federal eleito,PSDB,,,id338878382824931,28/10/2018,
Mariana Fonseca Ribeiro Carvalho De Moraes,,Deputado Federal eleito,PSDB,,,id632343536883223,28/10/2018,
Shéridan Estérfany Oliveira De Anchieta,,Deputado Federal eleito,PSDB,,,id529548870507145,28/10/2018,
Daniel Trzeciak Duarte,,Deputado Federal eleito,PSDB,,,id,28/10/2018,
Lucas Bello Redecker,,Deputado Federal eleito,PSDB,,,id404413673009300,28/10/2018,
Geovania De Sa Rodrigues,,Deputado Federal eleito,PSDB,,,id209760195874244,28/10/2018,
Bruna Dias Furlan,,Deputado Federal eleito,PSDB,,,id367980806622995,28/10/2018,
Carlos Henrique Focesi Sampaio,,Deputado Federal eleito,PSDB,,,id157095474375284,28/10/2018,
Eduardo Pedrosa Cury,,Deputado Federal eleito,PSDB,,,id1504636423084640,28/10/2018,
Samuel Moreira Da Silva Júnior,,Deputado Federal eleito,PSDB,,,id301671559864163,28/10/2018,
Vanderlei Macris,,Deputado Federal eleito,PSDB,,,id264795166973213,28/10/2018,
Vitor Lippi,,Deputado Federal eleito,PSDB,,,id158894974200303,28/10/2018,
Pablo Oliva Souza,,Deputado Federal eleito,PSL,,,id1414301995348590,28/10/2018,
Dayane Jamille Carneiro Dos Santos Pimentel,,Deputado Federal eleito,PSL,,,id302075393510786,28/10/2018,
Heitor Rodrigo Pereira Freire,,Deputado Federal eleito,PSL,,,id844031609039240,28/10/2018,
Soraya De Souza Mannato,,Deputado Federal eleito,PSL,,,id197504777788137,28/10/2018,
Vitor Hugo De Araujo Almeida,,Deputado Federal eleito,PSL,,,id577255795999910,28/10/2018,
Waldir Soares De Oliveira,,Deputado Federal eleito,PSL,,,id306388799493851,28/10/2018,
Alessandra Da Silva,,Deputado Federal eleito,PSL,,,id549608648565581,28/10/2018,
Charlles Thomacelli Evangelista,,Deputado Federal eleito,PSL,,,id618352678230929,28/10/2018,
Eliel Márcio Do Carmo,,Deputado Federal eleito,PSL,,,id1511147329109988,28/10/2018,
Geraldo Junio Do Amaral,,Deputado Federal eleito,PSL,,,id815039985305536,28/10/2018,
Marcelo Eduardo Freitas,,Deputado Federal eleito,PSL,,,id757066351146555,28/10/2018,
Marcelo Henrique Teixeira Dias,,Deputado Federal eleito,PSL,,,id931215210253332,28/10/2018,
Loester Carlos Gomes De Souza,,Deputado Federal eleito,PSL,,,id1738245342858207,28/10/2018,
Luiz Alberto Ovando,,Deputado Federal eleito,PSL,,,id445813468815386,28/10/2018,
Nelson Ned Previdente,,Deputado Federal eleito,PSL,,,id1949451478414650,28/10/2018,
Gulliem Charles Bezerra Lemos,,Deputado Federal eleito,PSL,,,id922891834420704,28/10/2018,
Luciano Caldas Bivar,,Deputado Federal eleito,PSL,,,id1936584456566504,28/10/2018,
Aline Sleutjes,,Deputado Federal eleito,PSL,,,id705334576185564,28/10/2018,
Filipe Barros Baptista De Toledo Ribeiro,,Deputado Federal eleito,PSL,,,id239800806402562,28/10/2018,
Luis Felipe Bonatto Francischini,,Deputado Federal eleito,PSL,,,id299601453506451,28/10/2018,
Antônio Da Luz Furtado,,Deputado Federal eleito,PSL,,,id727938674013176,28/10/2018,
Carlos Roberto Coelho De Mattos Júnior,,Deputado Federal eleito,PSL,,,id522126697963113,28/10/2018,
Christine Nogueira Dos Reis Tonietto,,Deputado Federal eleito,PSL,,,id1719701718110409,28/10/2018,
Daniel Lucio Da Silveira,,Deputado Federal eleito,PSL,,,id1233730513413646,28/10/2018,
Fabiana Silva De Souza,,Deputado Federal eleito,PSL,,,id655681851469144,28/10/2018,
Felício Laterça De Almeida,,Deputado Federal eleito,PSL,,,id267243340701984,28/10/2018,
Helio Fernando Barbosa Lopes,,Deputado Federal eleito,PSL,,,id517712008679531,28/10/2018,
João Carlos Soares Gurgel,,Deputado Federal eleito,PSL,,,id262677440504362,28/10/2018,
Joziel Ferreira Carlos,,Deputado Federal eleito,PSL,,,id894000897416455,28/10/2018,
Lourival Gomes De Almeida,,Deputado Federal eleito,PSL,,,id166734243873930,28/10/2018,
Luiz Eduardo Carneiro Da Silva De Souza Lima,,Deputado Federal eleito,PSL,,,id1827699960809554,28/10/2018,
Márcio Da Silveira Labre,,Deputado Federal eleito,PSL,,,id461487867568300,28/10/2018,
Elieser Girao Monteiro Filho,,Deputado Federal eleito,PSL,,,id588520408170543,28/10/2018,
Joao Chrisóstomo De Moura,,Deputado Federal eleito,PSL,,,id997522136945101,28/10/2018,
Antonio Carlos Nicoletti,,Deputado Federal eleito,PSL,,,id655325108158382,28/10/2018,
Alcibio Mesquita Bibo Nunes,,Deputado Federal eleito,PSL,,,id387146431355916,28/10/2018,
Nereu Crispim,,Deputado Federal eleito,PSL,,,id281213435750740,28/10/2018,
Ubiratan Antunes Sanderson,,Deputado Federal eleito,PSL,,,id199184673968117,28/10/2018,
Caroline Rodrigues De Toni,,Deputado Federal eleito,PSL,,,id1041603412575627,28/10/2018,
Daniel Costa De Freitas,,Deputado Federal eleito,PSL,,,id462290793781379,28/10/2018,
Fabio Luiz Schiochet Filho,,Deputado Federal eleito,PSL,,,id170603770285449,28/10/2018,
Luiz Armando Schroeder Reis,,Deputado Federal eleito,PSL,,,id158981268130749,28/10/2018,
Alexandre Frota De Andrade,,Deputado Federal eleito,PSL,,,id1728528250694023,28/10/2018,
Carla Zambelli Salgado,,Deputado Federal eleito,PSL,,,id198620036895177,28/10/2018,
Eduardo Nantes Bolsonaro,,Deputado Federal eleito,PSL,,,id232788843580414,28/10/2018,
Joice Cristina Hasselmann,,Deputado Federal eleito,PSL,,,id254514881287375,28/10/2018,
José Guilherme Negrão Peixoto,,Deputado Federal eleito,PSL,,,id235096606936207,28/10/2018,
Luiz Philippe De Orleans Bragança,,Deputado Federal eleito,PSL,,,id678761768950811,28/10/2018,
Marcio Tadeu Anhaia De Lemos,,Deputado Federal eleito,PSL,,,id1821705364774977,28/10/2018,
Nicolino Bozzella Junior,,Deputado Federal eleito,PSL,,,id698258676878679,28/10/2018,
Paulo Sergio Abou Anni,,Deputado Federal eleito,PSL,,,id164881476980537,28/10/2018,
Roberto Sebastião Peternelli Junior,,Deputado Federal eleito,PSL,,,id1432124833712305,28/10/2018,
Áurea Carolina De Freitas E Silva,,Deputado Federal eleito,PSOL,,,id284780545201205,28/10/2018,
Edmilson Brito Rodrigues,,Deputado Federal eleito,PSOL,,,id267683643272117,28/10/2018,
Glauber De Medeiros Braga,,Deputado Federal eleito,PSOL,,,id158198544337175,28/10/2018,
Jean Wyllys De Matos Santos,,Deputado Federal eleito,PSOL,,,id163566147024734,28/10/2018,
Marcelo Ribeiro Freixo,,Deputado Federal eleito,PSOL,,,id128416167198648,28/10/2018,
Taliria Petrone Soares,,Deputado Federal eleito,PSOL,,,id765667336867771,28/10/2018,
Fernanda Melchionna E Silva,,Deputado Federal eleito,PSOL,,,id241140532664404,28/10/2018,
Ivan Valente,,Deputado Federal eleito,PSOL,,,id194174003960823,28/10/2018,
Luiza Erundina De Sousa,,Deputado Federal eleito,PSOL,,,id198276680205255,28/10/2018,
Samia De Souza Bomfim,,Deputado Federal eleito,PSOL,,,id101868150220967,28/10/2018,
Paulo Fernando Dos Santos,,Deputado Federal eleito,PT,,,id250334068452972,28/10/2018,
Jose Ricardo Wendling,,Deputado Federal eleito,PT,,,id474726722595004,28/10/2018,
Afonso Bandeira Florence,,Deputado Federal eleito,PT,,,id355172881251380,28/10/2018,
Jorge José Santos Pereira Solla,,Deputado Federal eleito,PT,,,id800887096597818,28/10/2018,
José Cerqueira De Santana Neto,,Deputado Federal eleito,PT,,,id361989510562789,28/10/2018,
Josias Gomes Da Silva,,Deputado Federal eleito,PT,,,id208884825929448,28/10/2018,
Luiz Carlos Caetano,,Deputado Federal eleito,PT,,,id513426458700943,28/10/2018,
Nelson Vicente Portela Pellegrino,,Deputado Federal eleito,PT,,,id115817631832570,28/10/2018,
Valmir Carlos Da Assunção,,Deputado Federal eleito,PT,,,id132788450089945,28/10/2018,
Waldenor Alves Pereira Filho,,Deputado Federal eleito,PT,,,id533276736728690,28/10/2018,
Jose Airton Felix Cirilo Da Silva,,Deputado Federal eleito,PT,,,id532313946789323,28/10/2018,
Jose Nobre Guimaraes,,Deputado Federal eleito,PT,,,id136526549720709,28/10/2018,
Luizianne De Oliveira Lins,,Deputado Federal eleito,PT,,,id330300883714439,28/10/2018,
Erika Juca Kokay,,Deputado Federal eleito,PT,,,id257453204279241,28/10/2018,
Helder Ignacio Salomão,,Deputado Federal eleito,PT,,,id546851998788534,28/10/2018,
Rubens Otoni Gomide,,Deputado Federal eleito,PT,,,id216474455105209,28/10/2018,
Jose Carlos Nunes Junior,,Deputado Federal eleito,PT,,,id119993288189390,28/10/2018,
João Carlos Siqueira,,Deputado Federal eleito,PT,,,id179856875529257,28/10/2018,
José Leonardo Costa Monteiro,,Deputado Federal eleito,PT,,,id116801535089439,28/10/2018,
Maria Margarida Martins Salomão,,Deputado Federal eleito,PT,,,id282770348496898,28/10/2018,
Odair José Da Cunha,,Deputado Federal eleito,PT,,,id201991609984528,28/10/2018,
Patrus Ananias De Souza,,Deputado Federal eleito,PT,,,id604453922952420,28/10/2018,
Paulo José Carlos Guedes,,Deputado Federal eleito,PT,,,id342300479170301,28/10/2018,
Reginaldo Lazaro De Oliveira Lopes,,Deputado Federal eleito,PT,,,id214354821918864,28/10/2018,
Rogerio Correia De Moura Baptista,,Deputado Federal eleito,PT,,,id286648849567,28/10/2018,
Vander Luiz Dos Santos Loubet,,Deputado Federal eleito,PT,,,id547530398646435,28/10/2018,
Rosa Neide Sandes De Almeida,,Deputado Federal eleito,PT,,,id2103554259677870,28/10/2018,
Airton Luiz Faleiro,,Deputado Federal eleito,PT,,,id247815045422756,28/10/2018,
Jose Roberto Oliveira Faro,,Deputado Federal eleito,PT,,,id1436403659922521,28/10/2018,
Antonio Ribeiro,,Deputado Federal eleito,PT,,,id730889380623744,28/10/2018,
José Carlos Veras Dos Santos,,Deputado Federal eleito,PT,,,id1786634154947205,28/10/2018,
Marília Valença Rocha Arraes De Alencar,,Deputado Federal eleito,PT,,,id268217989858817,28/10/2018,
Francisco De Assis Carvalho Gonçalves,,Deputado Federal eleito,PT,,,id195774537238903,28/10/2018,
Rejane Ribeiro Sousa Dias,,Deputado Federal eleito,PT,,,id228793677312107,28/10/2018,
Enio José Verri,,Deputado Federal eleito,PT,,,id156499414480143,28/10/2018,
Gleisi Helena Hoffmann,,Deputado Federal eleito,PT,,,id136344939876101,28/10/2018,
Jose Carlos Becker De Oliveira E Silva,,Deputado Federal eleito,PT,,,id220778897969256,28/10/2018,
Benedita Souza Da Silva Sampaio,,Deputado Federal eleito,PT,,,id,28/10/2018,
Fernando Wanderley Vargas Da Silva,,Deputado Federal eleito,PT,,,id326589317375630,28/10/2018,
Natalia Bastos Bonavides,,Deputado Federal eleito,PT,,,id301106093563904,28/10/2018,
Dionilso Mateus Marcon,,Deputado Federal eleito,PT,,,id273904116113950,28/10/2018,
Elvino José Bohn Gass,,Deputado Federal eleito,PT,,,id217423271714827,28/10/2018,
Henrique Fontana Júnior,,Deputado Federal eleito,PT,,,id261788690587714,28/10/2018,
Maria Do Rosário Nunes,,Deputado Federal eleito,PT,,,id154111111330577,28/10/2018,
Paulo Roberto Severo Pimenta,,Deputado Federal eleito,PT,,,id254476531311977,28/10/2018,
Pedro Francisco Uczai,,Deputado Federal eleito,PT,,,id155201831260401,28/10/2018,
Joao Somariva Daniel,,Deputado Federal eleito,PT,,,id420180604673755,28/10/2018,
Alencar Santana Braga,,Deputado Federal eleito,PT,,,id227403640631475,28/10/2018,
Alexandre Rocha Santos Padilha,,Deputado Federal eleito,PT,,,id894038504020410,28/10/2018,
Arlindo Chignalia Junior,,Deputado Federal eleito,PT,,,id1390272641222659,28/10/2018,
Carlos Alberto Rolim Zarattini,,Deputado Federal eleito,PT,,,id405401689514244,28/10/2018,
Luiz Paulo Teixeira Ferreira,,Deputado Federal eleito,PT,,,id123368671040530,28/10/2018,
Nilto Ignacio Tatto,,Deputado Federal eleito,PT,,,id311887468974835,28/10/2018,
Rui Goethe Da Costa Falcão,,Deputado Federal eleito,PT,,,id127139487368866,28/10/2018,
Vicente Paulo Da Silva,,Deputado Federal eleito,PT,,,id212580628877003,28/10/2018,
Celio Alves De Moura,,Deputado Federal eleito,PT,,,id,28/10/2018,
Nivaldo Ferreira De Albuquerque Neto,,Deputado Federal eleito,PTB,,,id138502099895292,28/10/2018,
Pedro Augusto Geromel Bezerra De Menezes,,Deputado Federal eleito,PTB,,,id490298884771598,28/10/2018,
Pedro Lucas Andrade Fernandes Ribeiro,,Deputado Federal eleito,PTB,,,id737219703041909,28/10/2018,
Emanuel Pinheiro Da Silva Primo,,Deputado Federal eleito,PTB,,,id2003436826373367,28/10/2018,
Jose Eduardo Pereira Da Costa,,Deputado Federal eleito,PTB,,,id720711267981848,28/10/2018,
Paulo Eduardo Maestri Bengtson,,Deputado Federal eleito,PTB,,,id476482176114272,28/10/2018,
José Wilson Santiago,,Deputado Federal eleito,PTB,,,id589572847728892,28/10/2018,
Luisa Dos Santos Silveira,,Deputado Federal eleito,PTB,,,id399652257173565,28/10/2018,
Marcelo Pires Moraes,,Deputado Federal eleito,PTB,,,id1888377008077139,28/10/2018,
Maurício Alexandre Dziedricki,,Deputado Federal eleito,PTB,,,id165928197166177,28/10/2018,
Marina Santos Batista Dias,,Deputado Federal eleito,PTC,,,id197969200917697,28/10/2018,
Luiz Benes Leocadio De Araujo,,Deputado Federal eleito,PTC,,,id441909642926570,28/10/2018,
Celio Studart Barbosa,,Deputado Federal eleito,PV,,,id143803862450980,28/10/2018,
Israel Matos Batista,,Deputado Federal eleito,PV,,,id429957570419097,28/10/2018,
Leandre Dal Ponte,,Deputado Federal eleito,PV,,,id385165124939643,28/10/2018,
Enrico Van Blarcum De Graaff Misasi,,Deputado Federal eleito,PV,,,id165432287646099,28/10/2018,
Joenia Batista De Carvalho,,Deputado Federal eleito,REDE,,,id272526436678387,28/10/2018,
Vanda Denir Milani Nogueira,,Deputado Federal eleito,SOLIDARIEDADE,,,id1601715893260426,28/10/2018,
João Bosco Gomes Saraiva,,Deputado Federal eleito,SOLIDARIEDADE,,,id115202802000022,28/10/2018,
Genecias Mateus Noronha,,Deputado Federal eleito,SOLIDARIEDADE,,,id213910975288105,28/10/2018,
Lucas De Castro Santos,,Deputado Federal eleito,SOLIDARIEDADE,,,id504537839674054,28/10/2018,
José Silva Soares,,Deputado Federal eleito,SOLIDARIEDADE,,,id223832637675564,28/10/2018,
Leonardo Ribeiro Albuquerque,,Deputado Federal eleito,SOLIDARIEDADE,,,id,28/10/2018,
Augusto Rodrigues Coutinho De Melo,,Deputado Federal eleito,SOLIDARIEDADE,,,id659203737425877,28/10/2018,
Aureo Lidio Moreira Ribeiro,,Deputado Federal eleito,SOLIDARIEDADE,,,id187682584611376,28/10/2018,
Jose Otaci Barroso Do Nascimento,,Deputado Federal eleito,SOLIDARIEDADE,,,id1781520078834523,28/10/2018,
Luiz Augusto Carvalho Ribeiro Filho,,Deputado Federal eleito,SOLIDARIEDADE,,,id459354704210423,28/10/2018,
Paulo Pereira Da Silva,,Deputado Federal eleito,SOLIDARIEDADE,,,id223004697754861,28/10/2018,
Eli Dias Borges,,Deputado Federal eleito,SOLIDARIEDADE,,,id306453382750931,28/10/2018,
Tiago Braga Pereira,,Deputado Federal eleito,SOLIDARIEDADE,,,id194222841161302,28/10/2018,
Marcio Miguel Bittar,,Senador eleito,MDB,,,id555803774486872,28/10/2018,
Sérgio De Oliveira Cunha,,Senador eleito,PSD,,,id245784392128312,28/10/2018,
José Renan Vasconcelos Calheiros,,Senador eleito,MDB,,,id576313645847016,28/10/2018,
Rodrigo Santos Cunha,,Senador eleito,PSDB,,,id645681708802441,28/10/2018,
Carlos Eduardo De Souza Braga,,Senador eleito,MDB,,,id263563620333111,28/10/2018,
Francisco Plinio Valerio Tomaz,,Senador eleito,PSDB,,,id953514998164299,28/10/2018,
Luiz Cantuária Barreto,,Senador eleito,PTB,,,id274851776445620,28/10/2018,
Randolph Frederich Rodrigues Alves,,Senador eleito,REDE,,,id687008454694990,28/10/2018,
Angelo Mario Coronel De Azevedo Martins,,Senador eleito,PSD,,,id405696379766191,28/10/2018,
Jaques Wagner,,Senador eleito,PT,,,id136224023082363,28/10/2018,
Cid Ferreira Gomes,,Senador eleito,PDT,,,id658216240856974,28/10/2018,
Luis Eduardo Grangeiro Girão,,Senador eleito,PROS,,,id486914985073732,28/10/2018,
Izalci Lucas Ferreira,,Senador eleito,PSDB,,,id1385505868350890,28/10/2018,
Leila Gomes De Barros Rêgo,,Senador eleito,PSB,,,id578898368860170,28/10/2018,
Fabiano Contarato,,Senador eleito,REDE,,,id783999288312445,28/10/2018,
Marcos Ribeiro Do Val,,Senador eleito,PPS,,,id360331564101406,28/10/2018,
Jorge Kajuru Reis Da Costa Nasser,,Senador eleito,PRP,,,id1397837253786447,28/10/2018,
Vanderlan Vieira Cardoso,,Senador eleito,PP,,,id206019209573311,28/10/2018,
Eliziane Pereira Gama Melo,,Senador eleito,PPS,,,id837707072929819,28/10/2018,
Weverton Rocha Marques De Sousa,,Senador eleito,PDT,,,id142099522556207,28/10/2018,
Carlos Alberto Dias Viana,,Senador eleito,PHS,,,id157982450937286,28/10/2018,
Rodrigo Otávio Soares Pacheco,,Senador eleito,DEM,,,id486760188091704,28/10/2018,
Nelson Trad Filho,,Senador eleito,PTB,,,id174471285940778,28/10/2018,
Soraya Vieira Thronicke,,Senador eleito,PSL,,,id1142941029175690,28/10/2018,
Jayme Verissimo De Campos,,Senador eleito,DEM,,,id401673676620654,28/10/2018,
Selma Rosane Santos Arruda,,Senador eleito,PSL,,,id556444774742274,28/10/2018,
Jader Fontenelle Barbalho,,Senador eleito,MDB,,,id133602516654912,28/10/2018,
José Da Cruz Marinho,,Senador eleito,PSC,,,id2061816164089186,28/10/2018,
Daniella Velloso Borges Ribeiro,,Senador eleito,PP,,,id119203011556937,28/10/2018,
Veneziano Vital Do Rêgo Segundo Neto,,Senador eleito,PSB,,,id424808937641023,28/10/2018,
Humberto Sérgio Costa Lima,,Senador eleito,PT,,,id174217422747805,28/10/2018,
Jarbas De Andrade Vasconcelos,,Senador eleito,MDB,,,id244015588958951,28/10/2018,
Ciro Nogueira Lima Filho,,Senador eleito,PP,,,id274527822566791,28/10/2018,
Marcelo Costa E Castro,,Senador eleito,MDB,,,id294607987354763,28/10/2018,
Flavio Jose Arns,,Senador eleito,REDE,,,id1720125068073321,28/10/2018,
Oriovisto Guimaraes,,Senador eleito,PODE,,,id2078856135695787,28/10/2018,
Arolde De Oliveira,,Senador eleito,PSD,,,id118527194965589,28/10/2018,
Flávio Nantes Bolsonaro,,Senador eleito,PSL,,,id156951837773645,28/10/2018,
Eann Styvenson Valentim Mendes,,Senador eleito,REDE,,,id729392980520143,28/10/2018,
Zenaide Maia Calado Pereira Dos Santos,,Senador eleito,PHS,,,id1463458067229810,28/10/2018,
Confucio Aires Moura,,Senador eleito,MDB,,,id217874838224397,28/10/2018,
Marcos Rogério Da Silva Brito,,Senador eleito,DEM,,,id374562535958862,28/10/2018,
Antônio Mecias Pereira De Jesus,,Senador eleito,PRB,,,id264298597018120,28/10/2018,
Francisco De Assis Rodrigues,,Senador eleito,DEM,,,id194032184000941,28/10/2018,
Luis Carlos Heinze,,Senador eleito,PP,,,id355458947869655,28/10/2018,
Paulo Renato Paim,,Senador eleito,PT,,,id364042537032048,28/10/2018,
Esperidião Amin Helou Filho,,Senador eleito,PP,,,id332870466782583,28/10/2018,
Jorginho Dos Santos Mello,,Senador eleito,PR,,,id425866030884565,28/10/2018,
Alessandro Vieira,,Senador eleito,REDE,,,id728845403983151,28/10/2018,
Rogerio Carvalho Santos,,Senador eleito,PT,,,id217947255001794,28/10/2018,
Mara Cristina Gabrilli,,Senador eleito,PSDB,,,id215275598522355,28/10/2018,
Sergio Olimpio Gomes,,Senador eleito,PSL,,,id169733469856759,28/10/2018,
Carlos Eduardo Torres Gomes,,Senador eleito,SOLIDARIEDADE,,,id1451173408475206,28/10/2018,
Irajá Silvestre Filho,,Senador eleito,PSD,,,id359491867555824,28/10/2018,